[
  {
    "id": 1,
    "titulo": "sunt aut facere repellat provident occaecati excepturi optio reprehenderit",
    "texto": "quia et suscipit\nsuscipit recusandae consequuntur expedita et cum\nreprehenderit molestiae ut ut quas totam\nnostrum rerum est autem sunt rem eveniet architecto",
	"data": "Mon Sep 23 2019 18:58:42 GMT-0300 (Horário Padrão de Brasília)",
	"comentarios": [
		{"nome": "Nome comentario 01", "texto": "Texto do comentario"},
		{"nome": "Nome comentario 02", "texto": "Texto do comentario"}
	]
  },
  {
    "id": 2,
    "titulo": "qui est esse",
    "texto": "est rerum tempore vitae\nsequi sint nihil reprehenderit dolor beatae ea dolores neque\nfugiat blanditiis voluptate porro vel nihil molestiae ut reiciendis\nqui aperiam non debitis possimus qui neque nisi nulla",
	"data": "Mon Sep 23 2019 18:58:42 GMT-0300 (Horário Padrão de Brasília)",
	"comentarios": [
		{"nome": "Nome comentario 01", "texto": "Texto do comentario"},
		{"nome": "Nome comentario 02", "texto": "Texto do comentario"}
	]
  },
  {
    "id": 3,
    "titulo": "ea molestias quasi exercitationem repellat qui ipsa sit aut",
    "texto": "et iusto sed quo iure\nvoluptatem occaecati omnis eligendi aut ad\nvoluptatem doloribus vel accusantium quis pariatur\nmolestiae porro eius odio et labore et velit aut",
	"data": "Mon Sep 23 2019 18:58:42 GMT-0300 (Horário Padrão de Brasília)",
	"comentarios": [
		{"nome": "Nome comentario 01", "texto": "Texto do comentario"},
		{"nome": "Nome comentario 02", "texto": "Texto do comentario"}
	]
  },
  {
    "id": 4,
    "titulo": "eum et est occaecati",
    "texto": "ullam et saepe reiciendis voluptatem adipisci\nsit amet autem assumenda provident rerum culpa\nquis hic commodi nesciunt rem tenetur doloremque ipsam iure\nquis sunt voluptatem rerum illo velit",
	"data": "Mon Sep 23 2019 18:58:42 GMT-0300 (Horário Padrão de Brasília)" ,
	"comentarios": [
		{"nome": "Nome comentario 01", "texto": "Texto do comentario"},
		{"nome": "Nome comentario 02", "texto": "Texto do comentario"}
	]
  }
]